{"bus": {"bus_i": {"0": 1, "1": 2, "2": 3, "3": 4, "4": 5, "5": 6, "6": 7, "7": 8, "8": 9, "9": 10, "10": 11, "11": 12, "12": 13, "13": 14}, "type": {"0": 3, "1": 2, "2": 2, "3": 1, "4": 1, "5": 2, "6": 1, "7": 2, "8": 1, "9": 1, "10": 1, "11": 1, "12": 1, "13": 1}, "Pd": {"0": 0.0, "1": 21.7, "2": 94.2, "3": 47.8, "4": 7.6, "5": 11.2, "6": 0.0, "7": 0.0, "8": 29.5, "9": 9.0, "10": 3.5, "11": 6.1, "12": 13.5, "13": 14.9}, "Qd": {"0": 0.0, "1": 12.7, "2": 19.0, "3": -3.9, "4": 1.6, "5": 7.5, "6": 0.0, "7": 0.0, "8": 16.6, "9": 5.8, "10": 1.8, "11": 1.6, "12": 5.8, "13": 5.0}, "Gs": {"0": 0, "1": 0, "2": 0, "3": 0, "4": 0, "5": 0, "6": 0, "7": 0, "8": 0, "9": 0, "10": 0, "11": 0, "12": 0, "13": 0}, "Bs": {"0": 0, "1": 0, "2": 0, "3": 0, "4": 0, "5": 0, "6": 0, "7": 0, "8": 19, "9": 0, "10": 0, "11": 0, "12": 0, "13": 0}, "area": {"0": 1, "1": 1, "2": 1, "3": 1, "4": 1, "5": 1, "6": 1, "7": 1, "8": 1, "9": 1, "10": 1, "11": 1, "12": 1, "13": 1}, "Vm": {"0": 1.06, "1": 1.045, "2": 1.01, "3": 1.019, "4": 1.02, "5": 1.07, "6": 1.062, "7": 1.09, "8": 1.056, "9": 1.051, "10": 1.057, "11": 1.055, "12": 1.05, "13": 1.036}, "Va": {"0": 0.0, "1": -4.98, "2": -12.72, "3": -10.33, "4": -8.78, "5": -14.22, "6": -13.37, "7": -13.36, "8": -14.94, "9": -15.1, "10": -14.79, "11": -15.07, "12": -15.16, "13": -16.04}, "baseKV": {"0": 0, "1": 0, "2": 0, "3": 0, "4": 0, "5": 0, "6": 0, "7": 0, "8": 0, "9": 0, "10": 0, "11": 0, "12": 0, "13": 0}, "zone": {"0": 1, "1": 1, "2": 1, "3": 1, "4": 1, "5": 1, "6": 1, "7": 1, "8": 1, "9": 1, "10": 1, "11": 1, "12": 1, "13": 1}, "Vmax": {"0": 1.06, "1": 1.06, "2": 1.06, "3": 1.06, "4": 1.06, "5": 1.06, "6": 1.06, "7": 1.06, "8": 1.06, "9": 1.06, "10": 1.06, "11": 1.06, "12": 1.06, "13": 1.06}, "Vmin": {"0": 0.94, "1": 0.94, "2": 0.94, "3": 0.94, "4": 0.94, "5": 0.94, "6": 0.94, "7": 0.94, "8": 0.94, "9": 0.94, "10": 0.94, "11": 0.94, "12": 0.94, "13": 0.94}}, "branch": {"fbus": {"0": 1, "1": 1, "2": 2, "3": 2, "4": 2, "5": 3, "6": 4, "7": 4, "8": 4, "9": 5, "10": 6, "11": 6, "12": 6, "13": 7, "14": 7, "15": 9, "16": 9, "17": 10, "18": 12, "19": 13}, "tbus": {"0": 2, "1": 5, "2": 3, "3": 4, "4": 5, "5": 4, "6": 5, "7": 7, "8": 9, "9": 6, "10": 11, "11": 12, "12": 13, "13": 8, "14": 9, "15": 10, "16": 14, "17": 11, "18": 13, "19": 14}, "r": {"0": 0.01938, "1": 0.05403, "2": 0.04699, "3": 0.05811, "4": 0.05695, "5": 0.06701, "6": 0.01335, "7": 0.0, "8": 0.0, "9": 0.0, "10": 0.09498, "11": 0.12291, "12": 0.06615, "13": 0.0, "14": 0.0, "15": 0.03181, "16": 0.12711, "17": 0.08205, "18": 0.22092, "19": 0.17093}, "x": {"0": 0.05917, "1": 0.22304, "2": 0.19797, "3": 0.17632, "4": 0.17388, "5": 0.17103, "6": 0.04211, "7": 0.20912, "8": 0.55618, "9": 0.25202, "10": 0.1989, "11": 0.25581, "12": 0.13027, "13": 0.17615, "14": 0.11001, "15": 0.0845, "16": 0.27038, "17": 0.19207, "18": 0.19988, "19": 0.34802}, "b": {"0": 0.0528, "1": 0.0492, "2": 0.0438, "3": 0.034, "4": 0.0346, "5": 0.0128, "6": 0.0, "7": 0.0, "8": 0.0, "9": 0.0, "10": 0.0, "11": 0.0, "12": 0.0, "13": 0.0, "14": 0.0, "15": 0.0, "16": 0.0, "17": 0.0, "18": 0.0, "19": 0.0}, "rateA": {"0": 0, "1": 0, "2": 0, "3": 0, "4": 0, "5": 0, "6": 0, "7": 0, "8": 0, "9": 0, "10": 0, "11": 0, "12": 0, "13": 0, "14": 0, "15": 0, "16": 0, "17": 0, "18": 0, "19": 0}, "rateB": {"0": 0, "1": 0, "2": 0, "3": 0, "4": 0, "5": 0, "6": 0, "7": 0, "8": 0, "9": 0, "10": 0, "11": 0, "12": 0, "13": 0, "14": 0, "15": 0, "16": 0, "17": 0, "18": 0, "19": 0}, "rateC": {"0": 0, "1": 0, "2": 0, "3": 0, "4": 0, "5": 0, "6": 0, "7": 0, "8": 0, "9": 0, "10": 0, "11": 0, "12": 0, "13": 0, "14": 0, "15": 0, "16": 0, "17": 0, "18": 0, "19": 0}, "ratio": {"0": 0.0, "1": 0.0, "2": 0.0, "3": 0.0, "4": 0.0, "5": 0.0, "6": 0.0, "7": 0.978, "8": 0.969, "9": 0.932, "10": 0.0, "11": 0.0, "12": 0.0, "13": 0.0, "14": 0.0, "15": 0.0, "16": 0.0, "17": 0.0, "18": 0.0, "19": 0.0}, "angle": {"0": 0, "1": 0, "2": 0, "3": 0, "4": 0, "5": 0, "6": 0, "7": 0, "8": 0, "9": 0, "10": 0, "11": 0, "12": 0, "13": 0, "14": 0, "15": 0, "16": 0, "17": 0, "18": 0, "19": 0}, "status": {"0": 1, "1": 1, "2": 1, "3": 1, "4": 1, "5": 1, "6": 1, "7": 1, "8": 1, "9": 1, "10": 1, "11": 1, "12": 1, "13": 1, "14": 1, "15": 1, "16": 1, "17": 1, "18": 1, "19": 1}, "angmin": {"0": -360, "1": -360, "2": -360, "3": -360, "4": -360, "5": -360, "6": -360, "7": -360, "8": -360, "9": -360, "10": -360, "11": -360, "12": -360, "13": -360, "14": -360, "15": -360, "16": -360, "17": -360, "18": -360, "19": -360}, "angmax": {"0": 360, "1": 360, "2": 360, "3": 360, "4": 360, "5": 360, "6": 360, "7": 360, "8": 360, "9": 360, "10": 360, "11": 360, "12": 360, "13": 360, "14": 360, "15": 360, "16": 360, "17": 360, "18": 360, "19": 360}}, "gen": {"bus": {"0": 2, "1": 3, "2": 6, "3": 8}, "Pg": {"0": 40, "1": 0, "2": 0, "3": 0}, "Qg": {"0": 42.4, "1": 23.4, "2": 12.2, "3": 17.4}, "Qmax": {"0": 50, "1": 40, "2": 24, "3": 24}, "Qmin": {"0": -40, "1": 0, "2": -6, "3": -6}, "Vg": {"0": 1.045, "1": 1.01, "2": 1.07, "3": 1.09}, "mBase": {"0": 100, "1": 100, "2": 100, "3": 100}, "status": {"0": 1, "1": 1, "2": 1, "3": 1}, "Pmax": {"0": 140, "1": 100, "2": 100, "3": 100}, "Pmin": {"0": 0, "1": 0, "2": 0, "3": 0}, "Pc1": {"0": 0, "1": 0, "2": 0, "3": 0}, "Pc2": {"0": 0, "1": 0, "2": 0, "3": 0}, "Qc1min": {"0": 0, "1": 0, "2": 0, "3": 0}, "Qc1max": {"0": 0, "1": 0, "2": 0, "3": 0}, "Qc2min": {"0": 0, "1": 0, "2": 0, "3": 0}, "Qc2max": {"0": 0, "1": 0, "2": 0, "3": 0}, "ramp_agc": {"0": 0, "1": 0, "2": 0, "3": 0}, "ramp_10": {"0": 0, "1": 0, "2": 0, "3": 0}, "ramp_30": {"0": 0, "1": 0, "2": 0, "3": 0}, "ramp_q": {"0": 0, "1": 0, "2": 0, "3": 0}, "apf": {"0": 0, "1": 0, "2": 0, "3": 0}}}